RAZAO_SOCIAL,TELEFONE1,SITE
ORGANIZACAO CONTABIL IMOBILIARIA MIATO,551120415030,
ORGANIZACAO CONTABIL CAVICCHIOLI,551120522929,
ORGANIZACAO ADMINISTRACAO ADRIMAR,551120633178,
ORGANIZACAO CONTABIL ESTRELLA,551120684388,
ORGANIZACAO CONTABIL FREIRE,551120742113,
ORGANIZACAO CONTABIL FJ MEDEIROS,551120798989,
MF Consultoria Contábil,551120904570,https://www.mfconsultoriacontabil.com.br/
ORGANIZACAO CONTABIL 11 DE ABRIL,551120913771,
ORGANIIZACAO CONTABIL SP AVELINO,551120917200,
ORGANIZACAO CONTABIL AVELINO,551120917270,
ORGANIZACAO CONTABIL COUTINHO,551120923972,
ORGANIZACAO CONTABIL CARRATU E LOPES,551120938039,
ORGANIZACAO CAIELLI PROCESSAMENTO E ASSESSORIA CONTABIL,551122036675,
Gil Contabilidade,551122058985,
Aveiro Contabilidade,551122350140,
Geasc Auditoria,551122723501,
ORGANIZACAO CONTABIL CONASA,551122809333,
ORGANIZACAO CONTABIL LESTE,551122969199,
OLAMAR CONTABILIDADE,551123618716,
Paulistana Assessoria Contabil,551125328059,
ORGANIZACAO CONTABIL LOURENCAO,551125374652,
Contabilidade Brooklin,551125375437,https://contabilidadebrooklin.com.br/
ID Assessoria Contábil e Tributária,551125484041,
ORGANIZACAO CONTABIL 80,551125611015,
ORGANIZACAO CONTABIL FISCONTASP,551125892276,
Empresa De Contabilidade - M.R. Franco,551125899891,https://www.mrfrancocont.com.br/
Lapa Assessoria Contábil Fiscal,551125970707,http://www.lapacontabil.com.br/
ORGANIZACAO CONTABIL FERNANDES,551126011790,
ORCON ORGANIZACAO CONTABIL,551126012496,
ORGANIZACAO CONTABIL HABBER,551126056442,
ORGANIZACAO CONTABIL EVOLUCAO,551126423449,
Consenso Contabil,551126435500,
ORGANIZACAO CONTABIL A PRESTATIVA,551126464044,
ORDEC CONSULTORIA ASSESSORIA,551126713416,
ORGANIZACAO CANTAREIRA,551126825833,
OMC CONTABILIDADE,551126843186,
ORGANIZACAO CONTABIL J A LIMA,551126857033,
ORGANIZACAO CONTABIL IRCA,551126938534,
ORGANIZACAO CONTABIL CALIXTO,551127022455,
ORGANIZACAO CONTABIL FRANCISCA PAULA,551127814800,
ORGANIZACAO CONTABIL CASTELO,551127830740,
OFFICE SERVICOS ESCRITORIO CONTABILIDADE,551127918893,
OPCAO CERTA CONTABILIDADE,551127963264,
Escritório de Contabilidade Olímpia Ltda,551128920551,https://www.contabilidadeolimpia.com.br/
ORGANIZACAO CONTABIL ALMEIDA,551129090444,
ORGANIZACAO CONTABIL CONTCOM,551129402641,
ORGANIZACAO CONTABIL JELLMAYER,551129415778,
ORGANIZACAO CONTABIL ARAUJO,551129512299,
ORGANIFE CONTABILIDADE,551129631957,
ORGANIZACAO CONTABIL DIPLOMATA,551129632572,
ORGANIZACAO CONTABIL COSTOYA,551129824201,
JDVI Soluções Contábeis - Contabilidade e Consultoria,551130557800,http://jdvisolucoescontabeis.com.br/
ORGANIZACAO CONTABIL ATRIO,551130812656,
OPERACIONAL CONTABILIDADE,551130853832,
OLIANI SERVICOS CONTABEIS,551131063443,
ORCONFIS CONSULTORIA CONTABIL,551131066823,
ORGANIZACAO CONTABIL DOS FEIRANTES S S LTDA,551131165031,
Cmp Assessoria Contábil,551131254391,
ORGANIZACAO CONTABIL ADEC,551132076721,
ORGANIZACAO CONTABIL LIBERTY,551132097620,
ORGANIZACAO CONTABIL COPLAN,551132210319,
De Paula Serviços Contábeis - Contabilidade Especializada em São Paulo,551132226699,https://depaulasrv.com.br/
ORGANIZACAO CONTABIL CRISTAL,551132283423,
EP Contábil - Escritório de Contabilidade em SP,551132288584,https://www.epcontabil.com.br/
ORGANIZACAO CONTABIL HALY,551132290779,
ORGANIZACAO CONTABIL ABREU,551132428045,
OFFICECON,551132572719,
ORGANIZACAO ASSESSORIA E CONSULTORIA,551132579637,
Escritório de Contabilidade,551132778737,
ORGANIZACAO CONTABIL ITAUNA,551133134965,
ORGANAZICAO AAC,551133158945,
Tavares Contabilidade,551133618832,https://www.tavarescontabil.com.br/
Assessoria Contabil Furukawa,551133847230,
Contacta Assessoria Contabil e Fiscal,551134673533,
Mello Advocacia,551134762571,
Bhaskara Contabilidade | Contabilidade em SP,551135010206,https://bhaskaraconsult.com.br/
SPContab | Contabilidade no Morumbi - SP,551135026466,https://spcontab.com.br/
Allume Contabilidade | Contabilidade em Pinheiros - SP,551135549464,https://allumecontabilidade.com.br/?utm_source=Google%20Meu%20Neg%C3%B3cio&utm_medium=acesso%20gmb&utm_campaign=gmb
Vga Assessoria Contabil,551136419887,
OPERAUD,551136799752,
CONTABILIDADE SÃO FRANCISCO,551137182522,http://www.contabilsaofrancisco.com.br/
Grupo Roma,551137212104,http://www.gruporoma.com.br/
"Agência Hello Consultoria Contabilidade Societário, Abertura ,Contrato Social, Regularização Imposto de Renda",551137215585,http://agenciahello.com.br/
Estrela contabilidade,551137215700,http://estrelacontabilidade.com.br/
Franco Contabilidade,551137325500,http://franco-rnc.com.br/
OFICIO CONTABIL,551137392761,
Modulo Contábil | Contabilidade em São Paulo - SP,551137401687,http://www.modulocontabil.com.br/
OGP CONTABILIDADE,551137429446,
MARK Contabilidade,551137969500,http://mark.com.br/
ORG CONTABIL PINHEIRENSE,551138131015,
Escritório de Contabilidade em Pinheiros - Contábil Moretti,551138194493,https://contabilmoretti.com.br/
Contabilidade.com Ltda,551138544000,https://contabilidade.com/
CS Team Contábil - Contabilidade em São Paulo,551138637030,https://www.csteamcontabil.com.br/
ON LINE,551138769273,
CS CASTRO CONTABILIDADE | Sumaré | Perdizes | Pompéia | Vila Madalena - Zona Oeste de São Paulo,551138798700,https://cscastrocontabilidade.com.br/
Apoio Contabilidade,551138924912,http://apoiocont.com.br/
ORGANIZACAO CONTABIL LUA AZUL,551139320811,
ORGANIZ CONTABIL PERES,551139515185,
Escritório de Contabilidade Santo Antônio,551139663088,http://sacontabil.com.br/
ORGANIZACAO CONTABIL GUIMARAES,551139750001,
RR Soluções - Contabilidade Digital e Completa,551141132374,http://www.consultoriarr.com.br/
Contabilidade em São Paulo - SP | Decisiva Assessoria e Consultoria,551143056872,http://www.decisivacontabil.com.br/
Princípio Contabilidade Digital | Escritório de Contabilidade em São Paulo,551144864818,https://principiocontabilidade.com.br/
J Marques Contabilidade,551145526999,
ORGANIZACAO CONTABIL AZEVEDO,551150117559,
Contábil Guido,551150414322,http://www.contabilguido.com.br/
OLIVEIRAS CONTABIL,551150580550,
ORGANIZACAO CONTABIL ESFINGE,551150714558,
Padrão Auditoria S/S,551150805855,
Kontroller Assessoria Contábil,551150816380,
ONO CONSULTORIA,551151832755,
ORCANSA ORGANIZACAO CONTABIL,551151852733,
Contabilidade Internacional,551152002082,https://contabilidadeinternacional.com/
OFICINA CONTABIL TEXAS S C,551155060691,
ORGANIZACAO CONTABIL GUARARAPES,551155061549,
Soluzione Escritório de Contabilidade em SP,551155146513,http://www.soluzionecontabil.com.br/
ORGANIZACAO CONTABIL AUXILIAR,551155230555,
ORGANIZACAO CONTABIL DO EST DE SAO PAULO,551155491511,
ORGANIZACAO CONTABIL ADAGE,551155600861,
OFFYCYO CONTABILIDADE,551155734266,
ORGANIZACAO CONTABIL BARUQUE,551155735855,
ORGANIZACAO CONTABIL ECREL,551155746711,
Ozai Contábil - Escritório de Contabilidade - São Paulo - SP,551155841032,https://www.ozai.com.br/
CPA Prime Contabilidade,551155892517,https://www.cpaprimecontabilidade.com.br/
OM ASSESSORIA CONTABIL,551155993882,
ORGANIZACAO CONTABIL JOANIZA,551156214751,
ORGANIZACAO CONTABIL DIAS,551156312737,
ORGANIZACAO CONTABIL E FISCAL JOCLA,551156413595,
OPCAO ORGANIZACAO CONTABIL,551156434040,
C+F Consultoria Contábil,551156619746,
Borges Assessoria Contabil,551156690758,
Rnc Assessoria Contabil,551183867898,
Gris Contabilidade,551187482283,
Santo Conselho Ltda,551188323635,
Smidi Contábil,551192230529,
Essência Contábil,556540429269,
NWK Contabilidade,557130142472,
Operação Contábil São Paulo,5511912306418,https://operacaocontabil.com.br/
Escritório de Contabilidade em São Paulo SP Sol Azul,5511912656588,https://solazulcontabilidade.com.br/escritorio-de-contabilidade-sao-paulo/
Thera Escritório de Contabilidade,5511932369446,
Evolução Contábil SP - Escritório de Contabilidade,5511940029835,https://evolucaocontabilsp.com.br/
Avalia Contabilidade e Abertura de Empresa,5511942246628,https://avaliacontabilidade.com.br/
AKP Consultoria Contabil,5511942710260,
Contabilidade Conceito,5511943146043,
Contjet | Escritório de Contabilidade,5511944456316,http://www.contjet.com.br/
Contabilidade,5511944880523,
Salazar Contabilidade l Escritório de Contabilidade em São Paulo,5511945077277,http://www.salazarcontabilidade.com.br/
Contabilidade Local,5511946397470,https://contabilidadelocal.com.br/
Ocot Contabilidade,5511946666998,
Contabilidade | Consultoria Financeira | Wings Controller - Taboão da Serra - SP,5511947460531,
Vn Contábil,5511947891090,
Contabilidade Tamoio,5511948980682,http://www.contabilidadetamoio.com.br/
Crcontabil,5511951211111,
Palasson Assessoria Contábil e Fiscal Ltda,5511951340683,
Uniaccess Assessoria Contábil,5511953691655,
Ogura Contabilidade São Paulo,5511956922418,https://www.contabilidadeogura.com.br/
Facilyta Contabilidade,5511958887361,https://facilytafoodcontabilidade.com.br/
CibiCon Contabilidade,5511959890161,
Contabilidade Sao Judas Tadeu,5511962926228,
Nga Contabil Escritorio de Contabilidade,5511963022270,
"Hopen Contabilidade, Perícias, Cálculos e Imposto de Renda",5511964761920,http://www.hopencontabilidade.com.br/
E-Tax Consultoria e Assessoria Ltda,5511965886783,
Nobre Assessoria Empresarial,5511970231928,
Águia Contabilidade,5511970429369,
Ct Contab Contabilidade e Consultoria,5511970571288,
Constancy Contabilidade | Escritório de Contabilidade em SP,5511973318604,https://constancycontabilidade.com.br/
A. Calderini Contabilidade Tatuapé,5511973369595,
Franco Contabilidade Ltda,5511975620145,
Serviços de Contabilidade e Contador para Imposto de Renda e MEI,5511976103382,http://www.contabilidademp.com/
Escritório de Contabilidade SP - RKITA,5511976593225,http://www.rkita.com.br/
Sousa & Sousa Contabilidade,5511979729794,https://www.sousasolucoescontabeis.com.br/
Contabilidade em Pinheiros - SP | Contábil e Assessoria Total,5511981360054,https://assessoriatotal.com.br/
AR Contabilidade Digital Online | Imposto de Renda | Regularizar CPF | Contabilidade Online | Contabilidade no Centro,5511981953802,https://www.arcontabilidadedigital.com.br/
Silo-é Contabilidade,5511983500577,
Domingos Contabilidade - Contador - São Paulo - Imposto de Renda 2026 - Assessoria e consultoria Contábil,5511984092524,http://www.domingoscontabilidade.com.br/
Santo Conselho Contadores Associados Ltda,5511988323635,
Mafrey Contabilidade Ltda,5511989439530,
Ibrage Contabilidade,5511991040713,
Nogal Escritório de Contabilidade,5511992484644,https://www.nogalcontabilidade.com.br/
Contac Contabilidade SP,5511993111222,https://www.contac.com.br/
Hubner Contabil,5511995304123,
DBF ASSESSORIA CONTABIL - CONTABILIDADE/ AUDITORIA DE CONDOMINIOS,5511996586061,http://www.dbfcontabilidade.com.br/
Decore Comprovante de Renda para Autonomos e Empresas,5511997647716,
D&D Contabilidade - Contabilidade em São Paulo - SP,5511998636698,https://dedcontabilidade.com.br/
BLN CONTABILIDADE - O Escritório de Contabilidade da Avenida Paulista,5511999433341,https://www.blncontabilidade.com.br/
VECTUS Contabilidade e Consultoria | Contador Registro SP,5513996902440,
CONSULTY CONTABIL,5519993525736,
"LORDTAX® | Coworking, Contabilidade & Consultoria Tributária.",5521991334414,
SOUSA SERVIÇOS DE ATENDIMENTO ADMINISTRATIVOS E CONTABIL,5522999386703,
Afonso & Motta Contabilidade | Escritório de Contabilidade em Cascavel/PR,5545988224938,
Troleiz Contabilidade,5551992387260,
Agius Contabilidade em Brasília-DF,5561984983218,
Acts Contábil,5571988568697,
